part,qty,bbox_x,bbox_y,bbox_z,volume_mm3,mass_g_PA12,watertight,bodies,print_note
H01L_hub_plate,1,102.0,34.9,59.3,16161,16.32,True,1,MJF PA12; print service OK (stops are adjustable)
H01R_hub_plate,1,102.0,34.9,55.7,14559,14.70,True,1,MJF PA12; print service OK
H04L_foot_left,1,48.3,49.2,45.0,8086,8.17,True,1,MJF PA12; print service OK
H05R_foot_right,1,24.1,48.2,31.8,5445,5.50,True,1,MJF PA12; print service OK
H06_alpha_stop,2,15.0,14.0,6.0,1143,1.15,True,1,MJF PA12; print service OK
H07_chord_node,4,37.4,11.1,21.7,2208,2.23,True,1,MJF PA12; print service OK
H08a_vertex_half,1,19.7,24.0,21.7,1428,1.44,True,1,MJF PA12; print service OK
H08b_vertex_half,1,19.7,31.0,21.7,1499,1.51,True,1,MJF PA12; print service OK
H09L_shoulder_node,1,32.0,24.5,24.0,2186,2.21,True,1,MJF PA12; print service OK
H09R_shoulder_node,1,32.0,24.5,24.0,2186,2.21,True,1,MJF PA12; print service OK
H10_carriage,1,48.0,52.0,34.7,10403,10.51,True,1,MJF PA12; needs iteration (roller fit), home printer helps
H10b_spool,1,8.4,8.4,6.8,316,0.32,True,1,MJF PA12 or PETG
H11_beta_stop,2,10.0,17.0,35.6,1854,1.87,True,1,MJF PA12; print service OK
H12_spider,1,102.5,89.7,13.0,5078,5.13,True,1,MJF PA12; print service OK
H13_forehead_node,1,18.0,42.9,40.0,6374,6.44,True,1,MJF PA12; needs one fit iteration (forehead curve)
H14_trigger_plate,1,3.1,24.5,11.0,488,0.49,True,1,MJF PA12 or PETG
H15L_cradle_arm,1,34.0,15.5,14.5,3024,3.05,True,1,PETG home print preferred (fit to the bought cradle)
H15R_cradle_arm,1,34.0,15.5,14.5,3024,3.05,True,1,PETG home print preferred (fit to the bought cradle)
H15b_cradle_jaw,2,22.0,14.0,3.0,864,0.87,True,1,any
H16_harness_clip,6,8.0,24.1,15.3,708,0.71,True,1,MJF PA12 (snap needs nylon)
H17_exit_clamp,1,16.0,29.6,12.0,2042,2.06,True,1,MJF PA12; print service OK
H18a_umb_collar,1,18.0,18.1,18.0,1755,1.77,True,1,MJF PA12 or PETG
H18b_umb_cup,1,18.0,22.0,6.2,1202,1.21,True,1,MJF PA12 or PETG
H19_zero_gauge,1,60.0,53.0,17.0,9550,9.65,True,1,any (tool)
H20_notch_jig,1,70.0,18.0,8.0,9093,9.18,True,1,any (tool); PETG fine
